{"stats":{"minecraft:picked_up":{"minecraft:crafting_table":1,"gravestone:obituary":2,"minecraft:spruce_log":6,"minecraft:dirt":8,"minecraft:string":1,"minecraft:mutton":3,"minecraft:white_wool":2,"minecraft:cobblestone":25},"minecraft:used":{"minecraft:cooked_mutton":2,"minecraft:wooden_axe":2,"minecraft:stone_sword":12,"minecraft:stone_pickaxe":14,"minecraft:wooden_pickaxe":12,"minecraft:stone_axe":4,"minecraft:dirt":2,"minecraft:mutton":1,"minecraft:crafting_table":1,"minecraft:furnace":1,"alexsmobs:animal_dictionary":1},"minecraft:mined":{"minecraft:spruce_log":6,"minecraft:crafting_table":1,"minecraft:grass":2,"minecraft:grass_block":1,"minecraft:dirt":4,"minecraft:spruce_leaves":1,"minecraft:stone":26},"minecraft:killed":{"minecraft:sheep":2,"minecraft:spider":1,"alexsmobs:seal":1},"minecraft:custom":{"minecraft:time_since_rest":10794,"minecraft:interact_with_furnace":4,"minecraft:sprint_one_cm":39259,"minecraft:damage_taken":110,"minecraft:walk_one_cm":31053,"minecraft:mob_kills":4,"minecraft:drop":2,"minecraft:damage_dealt":441,"minecraft:fly_one_cm":44218,"minecraft:interact_with_crafting_table":6,"minecraft:player_kills":1,"minecraft:crouch_one_cm":814,"minecraft:play_time":10794,"minecraft:sneak_time":273,"minecraft:jump":273,"minecraft:time_since_death":10794,"minecraft:total_world_time":10794,"minecraft:fall_one_cm":6939},"minecraft:crafted":{"minecraft:spruce_planks":24,"minecraft:stick":20,"minecraft:wooden_pickaxe":1,"minecraft:stone_pickaxe":1,"minecraft:wooden_axe":1,"minecraft:stone_sword":1,"minecraft:furnace":1,"minecraft:stone_axe":1,"minecraft:air":0,"minecraft:cooked_mutton":2},"minecraft:dropped":{"gravestone:obituary":2}},"DataVersion":3465}