{"stats":{"minecraft:picked_up":{"minecraft:wheat_seeds":3,"gravestone:obituary":1,"minecraft:bamboo":9,"minecraft:oak_sapling":2,"minecraft:dirt":6},"minecraft:custom":{"minecraft:time_since_rest":3054,"minecraft:crouch_one_cm":84,"minecraft:play_time":27791,"minecraft:sprint_one_cm":38659,"minecraft:damage_taken":1886,"minecraft:walk_one_cm":13520,"minecraft:deaths":7,"minecraft:sneak_time":92,"minecraft:walk_under_water_one_cm":9446,"minecraft:drop":2,"minecraft:jump":424,"minecraft:damage_dealt":240,"minecraft:leave_game":3,"minecraft:walk_on_water_one_cm":9228,"minecraft:time_since_death":3041,"minecraft:total_world_time":27791,"minecraft:climb_one_cm":2991,"minecraft:swim_one_cm":21438,"minecraft:fall_one_cm":30747,"minecraft:fly_one_cm":78218,"minecraft:player_kills":2},"minecraft:mined":{"gravestone:gravestone":1,"minecraft:grass":2,"minecraft:grass_block":5,"minecraft:vine":1,"minecraft:dirt":2,"minecraft:bamboo":1,"minecraft:jungle_leaves":1,"minecraft:oak_leaves":9,"minecraft:fern":2},"minecraft:killed_by":{"spore:inf_player":1,"minecraft:player":1,"spore:busser":1},"minecraft:used":{"minecraft:dirt":5},"minecraft:dropped":{"gravestone:obituary":2}},"DataVersion":3465}