{"stats":{"minecraft:mined":{"minecraft:bamboo":1},"minecraft:custom":{"minecraft:jump":87,"minecraft:time_since_rest":5326,"minecraft:leave_game":1,"minecraft:deaths":1,"minecraft:damage_dealt":18,"minecraft:walk_on_water_one_cm":1384,"minecraft:crouch_one_cm":84,"minecraft:sprint_one_cm":9776,"minecraft:play_time":17920,"minecraft:damage_taken":445,"minecraft:time_since_death":3377,"minecraft:walk_one_cm":2662,"minecraft:walk_under_water_one_cm":2693,"minecraft:sneak_time":79,"minecraft:climb_one_cm":151,"minecraft:total_world_time":17920,"minecraft:swim_one_cm":1323,"minecraft:fall_one_cm":6443,"minecraft:fly_one_cm":16839},"minecraft:picked_up":{"minecraft:bamboo":9,"minecraft:oak_sapling":1}},"DataVersion":3465}