{"stats":{"minecraft:picked_up":{"spore:mutated_heart":1,"minecraft:dirt":1},"minecraft:custom":{"minecraft:time_since_rest":2902,"minecraft:damage_taken":1059,"minecraft:crouch_one_cm":106,"minecraft:play_time":9415,"minecraft:sprint_one_cm":9802,"minecraft:walk_one_cm":12880,"minecraft:damage_absorbed":40,"minecraft:deaths":4,"minecraft:sneak_time":127,"minecraft:walk_under_water_one_cm":4377,"minecraft:mob_kills":2,"minecraft:drop":1,"minecraft:jump":178,"minecraft:damage_dealt":517,"minecraft:leave_game":1,"minecraft:walk_on_water_one_cm":1659,"minecraft:time_since_death":2098,"minecraft:total_world_time":9415,"minecraft:climb_one_cm":149,"minecraft:swim_one_cm":11555,"minecraft:fall_one_cm":16324,"minecraft:fly_one_cm":41855,"minecraft:player_kills":1},"minecraft:killed":{"spore:inf_human":1,"spore:inf_player":1},"minecraft:mined":{"gravestone:gravestone":4,"minecraft:grass":4,"minecraft:grass_block":1,"minecraft:dirt":2,"minecraft:oak_leaves":1,"minecraft:fern":1},"minecraft:dropped":{"gravestone:obituary":1},"minecraft:killed_by":{"minecraft:player":2},"minecraft:crafted":{"minecraft:jungle_planks":4},"minecraft:used":{"minecraft:oak_log":2,"minecraft:golden_sword":14,"minecraft:dirt":3,"minecraft:golden_carrot":1,"farmersdelight:golden_knife":6,"minecraft:golden_apple":1}},"DataVersion":3465}