{"stats":{"minecraft:picked_up":{"minecraft:crafting_table":1,"create_new_age:magnetite_block":1,"gravestone:obituary":1,"minecraft:spruce_log":8,"minecraft:coal":43,"minecraft:dirt":10,"minecraft:cobblestone":33},"minecraft:used":{"minecraft:stone_axe":9,"minecraft:wooden_axe":3,"minecraft:dirt":10,"minecraft:crafting_table":1,"minecraft:stone_pickaxe":62,"minecraft:wooden_pickaxe":15},"minecraft:mined":{"gravestone:gravestone":1,"minecraft:large_fern":2,"minecraft:grass_block":6,"minecraft:coal_ore":43,"minecraft:dirt":8,"minecraft:spruce_leaves":4,"minecraft:spruce_log":8,"minecraft:stone":33,"create_new_age:magnetite_block":1,"minecraft:crafting_table":1},"minecraft:custom":{"minecraft:time_since_rest":9093,"minecraft:play_time":9093,"minecraft:crouch_one_cm":2961,"minecraft:sprint_one_cm":22320,"minecraft:damage_taken":20,"minecraft:walk_one_cm":16294,"minecraft:sneak_time":1472,"minecraft:drop":1,"minecraft:jump":162,"minecraft:damage_dealt":57,"minecraft:leave_game":1,"minecraft:time_since_death":9093,"minecraft:total_world_time":9093,"minecraft:interact_with_crafting_table":3,"minecraft:fall_one_cm":4900,"minecraft:fly_one_cm":33328},"minecraft:crafted":{"minecraft:stone_axe":1,"minecraft:crafting_table":1,"minecraft:spruce_planks":32,"minecraft:stick":8,"minecraft:stone_pickaxe":1},"minecraft:dropped":{"gravestone:obituary":1}},"DataVersion":3465}