{"stats":{"minecraft:dropped":{"minecraft:stone":1,"gravestone:obituary":3},"minecraft:used":{"minecraft:oak_log":1,"minecraft:apple":1,"minecraft:stone_pickaxe":127,"minecraft:wooden_pickaxe":17,"minecraft:stone":4,"minecraft:dirt":5,"minecraft:crafting_table":2},"minecraft:killed_by":{"spore:inf_player":1,"minecraft:skeleton":1,"minecraft:creeper":2,"minecraft:spider":1,"minecraft:zombie":1,"spore:knight":1},"minecraft:picked_up":{"minecraft:crafting_table":2,"minecraft:stick":3,"minecraft:raw_iron":7,"minecraft:gravel":1,"minecraft:oak_log":25,"minecraft:carrot":9,"minecraft:dirt":24,"minecraft:apple":2,"minecraft:oak_sapling":6,"minecraft:coal":17,"minecraft:cobblestone":110},"minecraft:mined":{"minecraft:iron_ore":7,"farmersdelight:wild_carrots":9,"minecraft:crafting_table":2,"gravestone:gravestone":5,"minecraft:grass":1,"minecraft:coal_ore":17,"minecraft:grass_block":12,"minecraft:oak_log":26,"minecraft:flowering_azalea_leaves":2,"minecraft:vine":1,"minecraft:jungle_log":1,"minecraft:dirt":14,"minecraft:azalea_leaves":1,"minecraft:stone":110,"minecraft:oak_leaves":4},"minecraft:custom":{"minecraft:time_since_rest":4177,"minecraft:sprint_one_cm":43363,"minecraft:damage_taken":2135,"minecraft:walk_one_cm":27484,"minecraft:drop":4,"minecraft:damage_dealt":89,"minecraft:swim_one_cm":12748,"minecraft:interact_with_crafting_table":2,"minecraft:fly_one_cm":211154,"minecraft:open_chest":2,"minecraft:crouch_one_cm":15925,"minecraft:play_time":42120,"minecraft:deaths":8,"minecraft:sneak_time":6108,"minecraft:walk_under_water_one_cm":2780,"minecraft:jump":428,"minecraft:leave_game":1,"minecraft:walk_on_water_one_cm":12005,"minecraft:time_since_death":3572,"minecraft:climb_one_cm":1476,"minecraft:total_world_time":42120,"minecraft:fall_one_cm":20130},"minecraft:crafted":{"minecraft:oak_planks":64,"minecraft:crafting_table":1,"minecraft:stick":4,"minecraft:wooden_pickaxe":1,"minecraft:stone_pickaxe":1}},"DataVersion":3465}