{"stats":{"minecraft:picked_up":{"minecraft:stick":2,"minecraft:apple":1,"minecraft:oak_log":8,"minecraft:oak_sapling":1,"minecraft:dirt":8},"minecraft:custom":{"minecraft:time_since_rest":7087,"minecraft:open_chest":2,"minecraft:deaths":3,"minecraft:crouch_one_cm":2192,"minecraft:play_time":15043,"minecraft:sprint_one_cm":26678,"minecraft:damage_taken":960,"minecraft:walk_one_cm":13787,"minecraft:sneak_time":652,"minecraft:walk_under_water_one_cm":2160,"minecraft:jump":250,"minecraft:damage_dealt":44,"minecraft:walk_on_water_one_cm":6991,"minecraft:time_since_death":7049,"minecraft:climb_one_cm":429,"minecraft:total_world_time":15043,"minecraft:swim_one_cm":8464,"minecraft:fall_one_cm":10999,"minecraft:fly_one_cm":50527},"minecraft:mined":{"gravestone:gravestone":3,"minecraft:grass_block":10,"minecraft:oak_log":8,"minecraft:dirt":1,"minecraft:oak_leaves":2},"minecraft:killed_by":{"spore:inf_player":1,"minecraft:zombie":1}},"DataVersion":3465}