{"stats":{"minecraft:picked_up":{"minecraft:stick":2,"minecraft:apple":1,"minecraft:oak_log":10,"minecraft:oak_sapling":2,"minecraft:dirt":9},"minecraft:mined":{"gravestone:gravestone":3,"minecraft:grass_block":10,"minecraft:oak_log":11,"minecraft:flowering_azalea_leaves":2,"minecraft:vine":1,"minecraft:jungle_log":1,"minecraft:dirt":1,"minecraft:azalea_leaves":1,"minecraft:oak_leaves":2},"minecraft:killed_by":{"spore:inf_player":1,"minecraft:creeper":1,"minecraft:zombie":1,"spore:knight":1},"minecraft:custom":{"minecraft:time_since_rest":1729,"minecraft:open_chest":2,"minecraft:deaths":5,"minecraft:crouch_one_cm":2924,"minecraft:play_time":19391,"minecraft:sprint_one_cm":40536,"minecraft:damage_taken":1470,"minecraft:walk_one_cm":18089,"minecraft:sneak_time":906,"minecraft:walk_under_water_one_cm":2358,"minecraft:drop":2,"minecraft:jump":376,"minecraft:damage_dealt":44,"minecraft:walk_on_water_one_cm":7889,"minecraft:time_since_death":1664,"minecraft:climb_one_cm":1313,"minecraft:total_world_time":19391,"minecraft:swim_one_cm":12748,"minecraft:fall_one_cm":17248,"minecraft:fly_one_cm":77019},"minecraft:dropped":{"gravestone:obituary":2}},"DataVersion":3465}