{"stats":{"minecraft:picked_up":{"minecraft:raw_iron":5,"minecraft:stick":3,"minecraft:crafting_table":2,"minecraft:oak_log":25,"minecraft:carrot":9,"minecraft:dirt":23,"minecraft:apple":2,"minecraft:oak_sapling":6,"minecraft:coal":9,"minecraft:cobblestone":81},"minecraft:used":{"minecraft:oak_log":1,"minecraft:apple":1,"minecraft:stone_pickaxe":87,"minecraft:wooden_pickaxe":17,"minecraft:dirt":5,"minecraft:crafting_table":2},"minecraft:mined":{"minecraft:iron_ore":5,"farmersdelight:wild_carrots":9,"minecraft:crafting_table":2,"gravestone:gravestone":3,"minecraft:grass":1,"minecraft:coal_ore":11,"minecraft:grass_block":12,"minecraft:oak_log":26,"minecraft:flowering_azalea_leaves":2,"minecraft:vine":1,"minecraft:jungle_log":1,"minecraft:dirt":13,"minecraft:azalea_leaves":1,"minecraft:stone":82,"minecraft:oak_leaves":4},"minecraft:killed_by":{"spore:inf_player":1,"minecraft:creeper":1,"minecraft:zombie":1,"spore:knight":1},"minecraft:custom":{"minecraft:time_since_rest":13729,"minecraft:sprint_one_cm":41818,"minecraft:damage_taken":1490,"minecraft:walk_one_cm":23188,"minecraft:drop":2,"minecraft:damage_dealt":44,"minecraft:swim_one_cm":12748,"minecraft:interact_with_crafting_table":2,"minecraft:fly_one_cm":78930,"minecraft:open_chest":2,"minecraft:crouch_one_cm":13025,"minecraft:play_time":31391,"minecraft:deaths":5,"minecraft:sneak_time":4770,"minecraft:walk_under_water_one_cm":2358,"minecraft:jump":413,"minecraft:time_since_death":13664,"minecraft:walk_on_water_one_cm":7889,"minecraft:total_world_time":31391,"minecraft:climb_one_cm":1313,"minecraft:fall_one_cm":17861},"minecraft:crafted":{"minecraft:oak_planks":64,"minecraft:crafting_table":1,"minecraft:stick":4,"minecraft:wooden_pickaxe":1,"minecraft:stone_pickaxe":1},"minecraft:dropped":{"gravestone:obituary":2}},"DataVersion":3465}