{"stats":{"minecraft:dropped":{"minecraft:stone":1,"minecraft:gunpowder":1,"minecraft:cornflower":1,"minecraft:rotten_flesh":7,"minecraft:arrow":8,"gravestone:obituary":6,"minecraft:bow":1,"minecraft:bone":5},"minecraft:used":{"minecraft:oak_log":1,"minecraft:apple":1,"minecraft:stone_pickaxe":127,"minecraft:wooden_pickaxe":17,"minecraft:stone":4,"minecraft:dirt":5,"minecraft:crafting_table":2},"minecraft:killed_by":{"spore:inf_player":1,"minecraft:skeleton":1,"minecraft:creeper":3,"minecraft:spider":1,"minecraft:zombie":1,"alexsmobs:tiger":1,"spore:knight":1},"minecraft:picked_up":{"minecraft:crafting_table":2,"minecraft:stick":3,"minecraft:raw_iron":7,"minecraft:gravel":1,"minecraft:oak_log":25,"minecraft:gunpowder":1,"minecraft:carrot":9,"minecraft:cornflower":1,"minecraft:dirt":24,"minecraft:arrow":8,"minecraft:bone":5,"minecraft:rotten_flesh":7,"minecraft:apple":2,"minecraft:bow":1,"minecraft:oak_sapling":6,"minecraft:coal":17,"minecraft:cobblestone":110},"minecraft:killed":{"minecraft:skeleton":5,"minecraft:zombie":6,"alexsmobs:tiger":2,"minecraft:creeper":1},"minecraft:mined":{"minecraft:iron_ore":7,"farmersdelight:wild_carrots":9,"minecraft:crafting_table":2,"gravestone:gravestone":5,"minecraft:grass":1,"minecraft:coal_ore":17,"minecraft:grass_block":12,"minecraft:oak_log":26,"minecraft:flowering_azalea_leaves":2,"minecraft:vine":1,"minecraft:jungle_log":1,"minecraft:dirt":14,"minecraft:azalea_leaves":1,"minecraft:stone":110,"minecraft:oak_leaves":4},"minecraft:custom":{"minecraft:time_since_rest":4406,"minecraft:sprint_one_cm":68872,"minecraft:damage_taken":2890,"minecraft:walk_one_cm":43931,"minecraft:mob_kills":14,"minecraft:drop":30,"minecraft:damage_dealt":3459,"minecraft:swim_one_cm":19164,"minecraft:interact_with_crafting_table":2,"minecraft:fly_one_cm":488223,"minecraft:open_chest":2,"minecraft:crouch_one_cm":18444,"minecraft:play_time":58147,"minecraft:deaths":11,"minecraft:sneak_time":6790,"minecraft:walk_under_water_one_cm":3435,"minecraft:jump":607,"minecraft:leave_game":2,"minecraft:walk_on_water_one_cm":13032,"minecraft:time_since_death":4371,"minecraft:climb_one_cm":2329,"minecraft:total_world_time":58147,"minecraft:fall_one_cm":21929},"minecraft:crafted":{"minecraft:oak_planks":64,"minecraft:crafting_table":1,"minecraft:stick":4,"minecraft:wooden_pickaxe":1,"minecraft:stone_pickaxe":1}},"DataVersion":3465}