{"stats":{"minecraft:mined":{"minecraft:grass_block":6,"gravestone:gravestone":1},"minecraft:custom":{"minecraft:jump":88,"minecraft:open_chest":1,"minecraft:time_since_rest":2404,"minecraft:walk_on_water_one_cm":656,"minecraft:crouch_one_cm":118,"minecraft:deaths":1,"minecraft:sprint_one_cm":9158,"minecraft:play_time":4564,"minecraft:damage_taken":285,"minecraft:time_since_death":2305,"minecraft:walk_one_cm":5108,"minecraft:sneak_time":39,"minecraft:climb_one_cm":114,"minecraft:total_world_time":4564,"minecraft:walk_under_water_one_cm":939,"minecraft:swim_one_cm":386,"minecraft:fall_one_cm":1999,"minecraft:fly_one_cm":14799},"minecraft:picked_up":{"minecraft:dirt":5},"minecraft:killed_by":{"minecraft:zombie":1}},"DataVersion":3465}